<?xml version="1.0" encoding="UTF-8"?>

<!DOCTYPE mapper
	PUBLIC "-//mybatis.org//DTD Mapper 3.0//EN"
	"http://mybatis.org/dtd/mybatis-3-mapper.dtd">

<mapper namespace="org.dawin.mapper.BoardMapper">


	<sql id="criteria">
		<trim prefixOverrides="OR">
			<foreach item="type" collection="typeArr">
				<trim prefix="OR">
					<choose>
						<when test="type == 'T'.toString()">
							title like CONCAT('%',#{keyword},'%')
						</when>
						<when test="type == 'C'.toString()">
							content like CONCAT('%',#{keyword},'%')
						</when>
						<when test="type == 'U'.toString()">
							username like CONCAT('%',#{keyword},'%')
						</when>
						<when test="type == 'R'.toString()">
							region like CONCAT('%',#{keyword},'%')
						</when>
					</choose>
				</trim>
			</foreach>
		</trim>
	</sql>

	<select id="getTotalCount" resultType="int">
		select count(*) from tbl_board
	</select>

	<select id="getList" resultType="BoardVO">
		select * from tbl_board
		<where>
			<include refid="criteria"></include>
		</where>
		order by reg_date DESC, region, title
		limit #{offset} , #{amount}
	</select>

	<select id="getListWithPaging" resultType="BoardVO">
		select * from tbl_board
		<where>
			<include refid="criteria"></include>
		</where>

		order by postid desc
		limit #{offset} , #{amount}
	</select>

	<select id="read" resultType="BoardVO">
		select * from tbl_board
		where
		postid
		=
		#{postid}
	</select> 

	<insert id="insert">
		insert into tbl_board (region, title, username,
		content)
		values
		(#{region}, #{title}, #{username}, #{content})
	</insert>
	
	<insert id="insertSelectKey">
		insert into tbl_board (region, title, content, username)
		values (#{region}, #{title}, #{content}, #{username})

		<selectKey resultType="Long" keyProperty="postid"
			keyColumn="postid" order="AFTER">
			SELECT LAST_INSERT_ID()
		</selectKey>
	</insert>

<update id="update">
    update tbl_board
    set
    region = #{region},
    title = #{title},
    content = #{content},
    username = #{username},
    update_date = now()
    where postid = #{postid}
</update>

	<delete id="delete">
		delete from tbl_board where postid = #{postid}
	</delete> 
	
	
	<!-- File Upload -->
	<insert id="insertAttachment">
		insert into tbl_board_attachment(filename, path, content_type, size, postid)
		values(#{filename}, #{path}, #{contentType}, #{size}, #{postid})
	</insert>
	
	<select id="getAttachmentList" resultType="BoardAttachmentVO">
		select * from tbl_board_attachment
		where postid = #{postid} <!-- join 처리로 목록을 얻지 않을 때 -->
		order by filename
	</select>
	
	<select id="getAttachment" resultType="BoardAttachmentVO">
		select * from tbl_board_attachment
		where postid = #{postid}
	</select>
	
	<delete id="removeAttachment">
		delete from tbl_board_attachment
		where postid = #{postid}
	</delete>

</mapper>